campaign,ad_group,rsa_id,rsa_name,asset_type,asset_number,text,character_count,pin_position,final_url,display_path_1,display_path_2,status
PP | Four-Case Collection | Search | US,Printable Case Files,next_case,The Next Case,HEADLINE,1,Family-Record Mystery Games,27,HEADLINE_1,https://porchpress.store/pages/case-file-collection,case-files,collection,LOCAL_DRAFT_NOT_STAGED
PP | Four-Case Collection | Search | US,Printable Case Files,next_case,The Next Case,HEADLINE,2,Family-History Case Files,25,HEADLINE_1,https://porchpress.store/pages/case-file-collection,case-files,collection,LOCAL_DRAFT_NOT_STAGED
PP | Four-Case Collection | Search | US,Printable Case Files,next_case,The Next Case,HEADLINE,3,Your Next Investigation,23,,https://porchpress.store/pages/case-file-collection,case-files,collection,LOCAL_DRAFT_NOT_STAGED
PP | Four-Case Collection | Search | US,Printable Case Files,next_case,The Next Case,HEADLINE,4,Four Cases. One Collection.,27,,https://porchpress.store/pages/case-file-collection,case-files,collection,LOCAL_DRAFT_NOT_STAGED
PP | Four-Case Collection | Search | US,Printable Case Files,next_case,The Next Case,HEADLINE,5,Play Solo or Together,21,,https://porchpress.store/pages/case-file-collection,case-files,collection,LOCAL_DRAFT_NOT_STAGED
PP | Four-Case Collection | Search | US,Printable Case Files,next_case,The Next Case,HEADLINE,6,Print Your Next Case,20,,https://porchpress.store/pages/case-file-collection,case-files,collection,LOCAL_DRAFT_NOT_STAGED
PP | Four-Case Collection | Search | US,Printable Case Files,next_case,The Next Case,HEADLINE,7,Follow the Paper Trail,22,,https://porchpress.store/pages/case-file-collection,case-files,collection,LOCAL_DRAFT_NOT_STAGED
PP | Four-Case Collection | Search | US,Printable Case Files,next_case,The Next Case,HEADLINE,8,Four Mysteries for $39.99,25,,https://porchpress.store/pages/case-file-collection,case-files,collection,LOCAL_DRAFT_NOT_STAGED
PP | Four-Case Collection | Search | US,Printable Case Files,next_case,The Next Case,HEADLINE,9,Progressive Hints Included,26,,https://porchpress.store/pages/case-file-collection,case-files,collection,LOCAL_DRAFT_NOT_STAGED
PP | Four-Case Collection | Search | US,Printable Case Files,next_case,The Next Case,HEADLINE,10,Explore Four Family Secrets,27,,https://porchpress.store/pages/case-file-collection,case-files,collection,LOCAL_DRAFT_NOT_STAGED
PP | Four-Case Collection | Search | US,Printable Case Files,next_case,The Next Case,DESCRIPTION,1,Four fictional case-file mysteries. Printable PDFs. $39.99. Nothing ships.,74,DESCRIPTION_1,https://porchpress.store/pages/case-file-collection,case-files,collection,LOCAL_DRAFT_NOT_STAGED
PP | Four-Case Collection | Search | US,Printable Case Files,next_case,The Next Case,DESCRIPTION,2,Already love case-file games? Follow four family secrets through historical records.,84,,https://porchpress.store/pages/case-file-collection,case-files,collection,LOCAL_DRAFT_NOT_STAGED
PP | Four-Case Collection | Search | US,Printable Case Files,next_case,The Next Case,DESCRIPTION,3,Play solo or together. Every case includes progressive hints and a separate solution.,85,,https://porchpress.store/pages/case-file-collection,case-files,collection,LOCAL_DRAFT_NOT_STAGED
PP | Four-Case Collection | Search | US,Printable Case Files,next_case,The Next Case,DESCRIPTION,4,"Investigate a birth family, an inheritance, a disputed grave and competing widow claims.",88,,https://porchpress.store/pages/case-file-collection,case-files,collection,LOCAL_DRAFT_NOT_STAGED
PP | Four-Case Collection | Search | US,Printable Case Files,conflicting_records,Conflicting Records,HEADLINE,1,Family-Record Mystery Games,27,HEADLINE_1,https://porchpress.store/pages/case-file-collection,case-files,collection,LOCAL_DRAFT_NOT_STAGED
PP | Four-Case Collection | Search | US,Printable Case Files,conflicting_records,Conflicting Records,HEADLINE,2,Family-History Case Files,25,HEADLINE_1,https://porchpress.store/pages/case-file-collection,case-files,collection,LOCAL_DRAFT_NOT_STAGED
PP | Four-Case Collection | Search | US,Printable Case Files,conflicting_records,Conflicting Records,HEADLINE,3,When Family Records Disagree,28,,https://porchpress.store/pages/case-file-collection,case-files,collection,LOCAL_DRAFT_NOT_STAGED
PP | Four-Case Collection | Search | US,Printable Case Files,conflicting_records,Conflicting Records,HEADLINE,4,Two Claims. One Soldier.,24,,https://porchpress.store/pages/case-file-collection,case-files,collection,LOCAL_DRAFT_NOT_STAGED
PP | Four-Case Collection | Search | US,Printable Case Files,conflicting_records,Conflicting Records,HEADLINE,5,Who Was the Baby?,17,,https://porchpress.store/pages/case-file-collection,case-files,collection,LOCAL_DRAFT_NOT_STAGED
PP | Four-Case Collection | Search | US,Printable Case Files,conflicting_records,Conflicting Records,HEADLINE,6,Whose Grave Is It?,18,,https://porchpress.store/pages/case-file-collection,case-files,collection,LOCAL_DRAFT_NOT_STAGED
PP | Four-Case Collection | Search | US,Printable Case Files,conflicting_records,Conflicting Records,HEADLINE,7,Who Inherits the Mill?,22,,https://porchpress.store/pages/case-file-collection,case-files,collection,LOCAL_DRAFT_NOT_STAGED
PP | Four-Case Collection | Search | US,Printable Case Files,conflicting_records,Conflicting Records,HEADLINE,8,Compare the Evidence,20,,https://porchpress.store/pages/case-file-collection,case-files,collection,LOCAL_DRAFT_NOT_STAGED
PP | Four-Case Collection | Search | US,Printable Case Files,conflicting_records,Conflicting Records,HEADLINE,9,Four Mysteries for $39.99,25,,https://porchpress.store/pages/case-file-collection,case-files,collection,LOCAL_DRAFT_NOT_STAGED
PP | Four-Case Collection | Search | US,Printable Case Files,conflicting_records,Conflicting Records,HEADLINE,10,Explore the Collection,22,,https://porchpress.store/pages/case-file-collection,case-files,collection,LOCAL_DRAFT_NOT_STAGED
PP | Four-Case Collection | Search | US,Printable Case Files,conflicting_records,Conflicting Records,DESCRIPTION,1,Four fictional case-file mysteries. Printable PDFs. $39.99. Nothing ships.,74,DESCRIPTION_1,https://porchpress.store/pages/case-file-collection,case-files,collection,LOCAL_DRAFT_NOT_STAGED
PP | Four-Case Collection | Search | US,Printable Case Files,conflicting_records,Conflicting Records,DESCRIPTION,2,"Four family secrets to investigate: a birth identity, inheritance, grave and widow claims.",90,,https://porchpress.store/pages/case-file-collection,case-files,collection,LOCAL_DRAFT_NOT_STAGED
PP | Four-Case Collection | Search | US,Printable Case Files,conflicting_records,Conflicting Records,DESCRIPTION,3,"Compare census entries, wills, burial records and pension papers to reach a conclusion.",87,,https://porchpress.store/pages/case-file-collection,case-files,collection,LOCAL_DRAFT_NOT_STAGED
PP | Four-Case Collection | Search | US,Printable Case Files,conflicting_records,Conflicting Records,DESCRIPTION,4,"Each case includes a player packet, progressive hints and a separate sealed solution.",85,,https://porchpress.store/pages/case-file-collection,case-files,collection,LOCAL_DRAFT_NOT_STAGED
